{"Pneumonia detector chances in (%)": "", "Normal Chance": 3.444970026612282, "Pneumonia Chance": 96.55502438545227}