{"Pneumonia detector chances in (%)": "", "Normal Chance": 3.445005789399147, "Pneumonia Chance": 96.55499458312988}