{"Pneumonia detector chances in (%)": "", "Normal Chance": 4.00618277490139, "Pneumonia Chance": 95.99381685256958}